,gyr_x,gyr_y,gyr_z
1970-01-01,0.0012156671493011137,-0.025210912149989818,-0.001285928665421036
