"event","experiment time","system time","system time text"
"START",0.000000000000000E0,1.654692945035523E9,"2022-06-08 14:55:45.036 UTC+02:00"
