"event","experiment time","system time","system time text"
"START",0.000000000000000E0,1.654597420362335E9,"2022-06-07 12:23:40.362 UTC+02:00"
