"event","experiment time","system time","system time text"
"START",0.000000000000000E0,1.654602694002878E9,"2022-06-07 13:51:34.003 UTC+02:00"
