"event","experiment time","system time","system time text"
"START",0.000000000000000E0,1.654597370059599E9,"2022-06-07 12:22:50.060 UTC+02:00"
